{
  "Navbar.tsx": 1776755252.0443525,
  "next-env.d.ts": 1776763619.5969563,
  "next.config.ts": 1776755263.9294403,
  "app/sitemap.ts": 1776755263.9288063,
  "app/layout.tsx": 1776755263.9284837,
  "app/page.tsx": 1776635629.4739745,
  "components/Meals.tsx": 1775912011.5970287,
  "components/Navbar.tsx": 1776755252.0531163,
  "components/HouseRules.tsx": 1776765489.2572608,
  "components/StatsBar.tsx": 1775911869.9451551,
  "components/PoolGarden.tsx": 1776796168.038042,
  "components/Spaces.tsx": 1776796168.038881,
  "components/LivingAreas.tsx": 1776796168.0389004,
  "components/WhatsAppFab.tsx": 1776755252.0533528,
  "components/Experiences.tsx": 1776796168.0534418,
  "components/Bedrooms.tsx": 1776635466.271614,
  "components/CommonAreas.tsx": 1776796168.0389237,
  "components/Footer.tsx": 1776755252.0525672,
  "components/VideoHero.tsx": 1775928324.5132117,
  "components/Location.tsx": 1776635685.5127957,
  "components/ThemeToggle.tsx": 1775911794.1542196,
  "components/SectionLabel.tsx": 1776635227.4359035,
  "components/Amenities.tsx": 1776635790.0385995,
  "components/About.tsx": 1776635422.0352843,
  "happynest_blanc_belle.md": 1775747099.2487547,
  "README.md": 1775648280.213776,
  "DESIGN.md": 1775908330.5523224,
  "AGENTS.md": 1775373923.0,
  "CLAUDE.md": 1776635904.3977141,
  "plans/redesign-happynest/implementation.md": 1776754557.539303,
  "plans/redesign-happynest/plan.md": 1776754557.527461,
  "public/robots.txt": 1775376173.9800086,
  "preview.gif": 1775647474.7125766,
  "public/file.svg": 1775373890.0,
  "public/vercel.svg": 1775373890.0,
  "public/next.svg": 1775373890.0,
  "public/globe.svg": 1775373890.0,
  "public/window.svg": 1775373890.0,
  "public/images/garden/garden2.jpg": 1775373980.2817976,
  "public/images/garden/garden3.jpg": 1775373980.2823672,
  "public/images/garden/drone-3.jpg": 1775373980.2807322,
  "public/images/garden/drone-2.jpg": 1775373980.280094,
  "public/images/garden/garden.jpg": 1775373980.2812185,
  "public/images/garden/drone-1.jpg": 1775373980.2764907,
  "public/images/garden/pool1.jpg": 1775373980.2828536,
  "public/images/garden/pool3.jpg": 1775373980.2869763,
  "public/images/garden/pool2.jpg": 1775373980.283313,
  "public/images/single/sofa-up.jpg": 1775373980.3028235,
  "public/images/single/dining-entrance.jpg": 1775373980.2961369,
  "public/images/single/sofa-ground.jpg": 1775373980.3017995,
  "public/images/single/entrance.jpg": 1775373980.2968144,
  "public/images/single/main-dining.jpg": 1775373980.3013022,
  "public/images/single/tt-table-sofa-up.jpg": 1775373980.303299,
  "public/images/single/sofa-ground2.jpg": 1775373980.302362,
  "public/images/single/main-big-balcony.jpeg": 1775373980.3006706,
  "public/images/bedrooms/lime1.jpg": 1775373980.272552,
  "public/images/bedrooms/lime2.jpg": 1775373980.2731001,
  "public/images/bedrooms/brown2.jpg": 1775373980.2689593,
  "public/images/bedrooms/blue2.jpg": 1775373980.2679222,
  "public/images/bedrooms/green1.jpg": 1775373980.2694836,
  "public/images/bedrooms/brown1.jpg": 1775373980.2684298,
  "public/images/bedrooms/blue1.jpg": 1775373980.2673209,
  "public/images/bedrooms/green2.jpg": 1775373980.270158,
  "public/images/bedrooms/grey4.jpg": 1775373980.272079,
  "public/images/bedrooms/grey1.jpg": 1775373980.270663,
  "public/images/bedrooms/grey2.jpg": 1775373980.2711306,
  "public/images/bedrooms/grey3.jpg": 1775373980.271624,
  "public/images/bathrooms/happy-nest-4cc357.jpg": 1775373980.2910836,
  "public/images/bathrooms/happy-nest-cfb710.jpg": 1775373980.292641,
  "public/images/bathrooms/happy-nest-0d2ec5.jpg": 1775373980.29058,
  "public/images/bathrooms/happy-nest-9bfae4.jpg": 1775373980.2921798,
  "public/images/bathrooms/happy-nest-4dd6f7.jpg": 1775373980.2915766,
  "public/images/bathrooms/happy-nest-dc6a2e.jpg": 1775373980.2931268,
  "public/images/hero-frames/frame-0087.webp": 1775378137.2597952,
  "public/images/hero-frames/frame-0068.webp": 1775378137.2547734,
  "public/images/hero-frames/frame-0029.webp": 1775378137.2375238,
  "public/images/hero-frames/frame-0091.webp": 1775927500.745958,
  "public/images/hero-frames/frame-0005.webp": 1775378137.231002,
  "public/images/hero-frames/frame-0052.webp": 1775378137.244973,
  "public/images/hero-frames/frame-0044.webp": 1775378137.2420754,
  "public/images/hero-frames/frame-0013.webp": 1775378137.2331944,
  "public/images/hero-frames/frame-0064.webp": 1775378137.252853,
  "public/images/hero-frames/frame-0033.webp": 1775378137.238863,
  "public/images/hero-frames/frame-0025.webp": 1775378137.2364943,
  "public/images/hero-frames/frame-0072.webp": 1775378137.2558486,
  "public/images/hero-frames/frame-0009.webp": 1775378137.232082,
  "public/images/hero-frames/frame-0048.webp": 1775378137.2434866,
  "public/images/hero-frames/frame-0049.webp": 1775378137.2439191,
  "public/images/hero-frames/frame-0008.webp": 1775378137.2318778,
  "public/images/hero-frames/frame-0073.webp": 1775378137.2560499,
  "public/images/hero-frames/frame-0024.webp": 1775378137.2362216,
  "public/images/hero-frames/frame-0032.webp": 1775378137.238664,
  "public/images/hero-frames/frame-0065.webp": 1775378137.253542,
  "public/images/hero-frames/frame-0012.webp": 1775378137.232998,
  "public/images/hero-frames/frame-0045.webp": 1775378137.2423334,
  "public/images/hero-frames/frame-0053.webp": 1775378137.2452805,
  "public/images/hero-frames/frame-0004.webp": 1775378137.230593,
  "public/images/hero-frames/frame-0090.webp": 1775378137.260856,
  "public/images/hero-frames/frame-0028.webp": 1775378137.2372952,
  "public/images/hero-frames/frame-0086.webp": 1775378137.2594733,
  "public/images/hero-frames/frame-0069.webp": 1775378137.2550766,
  "public/images/hero-frames/frame-0062.webp": 1775378137.2497833,
  "public/images/hero-frames/frame-0035.webp": 1775378137.2394063,
  "public/images/hero-frames/frame-0023.webp": 1775378137.2359455,
  "public/images/hero-frames/frame-0074.webp": 1775378137.2563546,
  "public/images/hero-frames/frame-0058.webp": 1775378137.2481194,
  "public/images/hero-frames/frame-0019.webp": 1775378137.235215,
  "public/images/hero-frames/frame-0081.webp": 1775378137.2579598,
  "public/images/hero-frames/frame-0039.webp": 1775378137.2407036,
  "public/images/hero-frames/frame-0078.webp": 1775378137.2572842,
  "public/images/hero-frames/frame-0003.webp": 1775378137.2300427,
  "public/images/hero-frames/frame-0054.webp": 1775378137.2456098,
  "public/images/hero-frames/frame-0042.webp": 1775378137.241548,
  "public/images/hero-frames/frame-0015.webp": 1775378137.233684,
  "public/images/hero-frames/frame-0014.webp": 1775378137.2333643,
  "public/images/hero-frames/frame-0043.webp": 1775378137.2417321,
  "public/images/hero-frames/frame-0055.webp": 1775378137.2462406,
  "public/images/hero-frames/frame-0002.webp": 1775378137.2296119,
  "public/images/hero-frames/frame-0079.webp": 1775378137.257488,
  "public/images/hero-frames/frame-0038.webp": 1775378137.240454,
  "public/images/hero-frames/frame-0080.webp": 1775378137.257663,
  "public/images/hero-frames/frame-0018.webp": 1775378137.2345963,
  "public/images/hero-frames/frame-0059.webp": 1775378137.2485087,
  "public/images/hero-frames/frame-0075.webp": 1775378137.2567768,
  "public/images/hero-frames/frame-0022.webp": 1775378137.235783,
  "public/images/hero-frames/frame-0034.webp": 1775378137.2392335,
  "public/images/hero-frames/frame-0063.webp": 1775378137.2504377,
  "public/images/hero-frames/frame-0076.webp": 1775378137.256934,
  "public/images/hero-frames/frame-0021.webp": 1775378137.2356098,
  "public/images/hero-frames/frame-0037.webp": 1775378137.2402425,
  "public/images/hero-frames/frame-0060.webp": 1775378137.2489097,
  "public/images/hero-frames/frame-0017.webp": 1775378137.234287,
  "public/images/hero-frames/frame-0040.webp": 1775378137.240958,
  "public/images/hero-frames/frame-0056.webp": 1775378137.2468305,
  "public/images/hero-frames/frame-0001.webp": 1775927500.0857108,